"randomization_id","assay","time","assay_taste","cup_order","conc","cup_id"
"R001","supra",1,"sucr",1,0,32670
"R001","supra",1,"sucr",2,100,85785
"R001","supra",1,"sucr",3,400,13795
"R001","supra",1,"sucr",4,200,89237
"R001","supra",1,"nacl",1,400,12434
"R001","supra",1,"nacl",2,0,82595
"R001","supra",1,"nacl",3,100,59767
"R001","supra",1,"nacl",4,200,38247
"R001","supra",2,"sucr",1,100,91453
"R001","supra",2,"sucr",2,400,39956
"R001","supra",2,"sucr",3,0,95589
"R001","supra",2,"sucr",4,200,95039
"R001","supra",2,"nacl",1,100,83414
"R001","supra",2,"nacl",2,400,63621
"R001","supra",2,"nacl",3,200,50079
"R001","supra",2,"nacl",4,0,35193
"R001","supra",3,"sucr",1,400,48864
"R001","supra",3,"sucr",2,200,21882
"R001","supra",3,"sucr",3,0,49477
"R001","supra",3,"sucr",4,100,30389
"R001","supra",3,"nacl",1,0,60066
"R001","supra",3,"nacl",2,400,77844
"R001","supra",3,"nacl",3,200,68218
"R001","supra",3,"nacl",4,100,92495
"R001","supra",4,"nacl",1,0,75601
"R001","supra",4,"nacl",2,400,18282
"R001","supra",4,"nacl",3,200,59057
"R001","supra",4,"nacl",4,100,33224
"R001","supra",4,"sucr",1,0,11506
"R001","supra",4,"sucr",2,200,90694
"R001","supra",4,"sucr",3,100,42246
"R001","supra",4,"sucr",4,400,25650
"R002","supra",1,"nacl",1,0,82595
"R002","supra",1,"nacl",2,400,12434
"R002","supra",1,"nacl",3,100,59767
"R002","supra",1,"nacl",4,200,38247
"R002","supra",1,"sucr",1,0,32670
"R002","supra",1,"sucr",2,400,13795
"R002","supra",1,"sucr",3,200,89237
"R002","supra",1,"sucr",4,100,85785
"R002","supra",2,"nacl",1,100,83414
"R002","supra",2,"nacl",2,0,35193
"R002","supra",2,"nacl",3,400,63621
"R002","supra",2,"nacl",4,200,50079
"R002","supra",2,"sucr",1,0,95589
"R002","supra",2,"sucr",2,100,91453
"R002","supra",2,"sucr",3,400,39956
"R002","supra",2,"sucr",4,200,95039
"R002","supra",3,"sucr",1,0,49477
"R002","supra",3,"sucr",2,100,30389
"R002","supra",3,"sucr",3,200,21882
"R002","supra",3,"sucr",4,400,48864
"R002","supra",3,"nacl",1,100,92495
"R002","supra",3,"nacl",2,400,77844
"R002","supra",3,"nacl",3,200,68218
"R002","supra",3,"nacl",4,0,60066
"R002","supra",4,"sucr",1,100,42246
"R002","supra",4,"sucr",2,400,25650
"R002","supra",4,"sucr",3,200,90694
"R002","supra",4,"sucr",4,0,11506
"R002","supra",4,"nacl",1,100,33224
"R002","supra",4,"nacl",2,400,18282
"R002","supra",4,"nacl",3,0,75601
"R002","supra",4,"nacl",4,200,59057
"R003","supra",1,"sucr",1,100,85785
"R003","supra",1,"sucr",2,200,89237
"R003","supra",1,"sucr",3,400,13795
"R003","supra",1,"sucr",4,0,32670
"R003","supra",1,"nacl",1,200,38247
"R003","supra",1,"nacl",2,100,59767
"R003","supra",1,"nacl",3,400,12434
"R003","supra",1,"nacl",4,0,82595
"R003","supra",2,"sucr",1,100,91453
"R003","supra",2,"sucr",2,0,95589
"R003","supra",2,"sucr",3,400,39956
"R003","supra",2,"sucr",4,200,95039
"R003","supra",2,"nacl",1,400,63621
"R003","supra",2,"nacl",2,100,83414
"R003","supra",2,"nacl",3,0,35193
"R003","supra",2,"nacl",4,200,50079
"R003","supra",3,"sucr",1,0,49477
"R003","supra",3,"sucr",2,200,21882
"R003","supra",3,"sucr",3,100,30389
"R003","supra",3,"sucr",4,400,48864
"R003","supra",3,"nacl",1,200,68218
"R003","supra",3,"nacl",2,0,60066
"R003","supra",3,"nacl",3,100,92495
"R003","supra",3,"nacl",4,400,77844
"R003","supra",4,"nacl",1,400,18282
"R003","supra",4,"nacl",2,100,33224
"R003","supra",4,"nacl",3,0,75601
"R003","supra",4,"nacl",4,200,59057
"R003","supra",4,"sucr",1,400,25650
"R003","supra",4,"sucr",2,100,42246
"R003","supra",4,"sucr",3,200,90694
"R003","supra",4,"sucr",4,0,11506
"R004","supra",1,"nacl",1,100,59767
"R004","supra",1,"nacl",2,200,38247
"R004","supra",1,"nacl",3,0,82595
"R004","supra",1,"nacl",4,400,12434
"R004","supra",1,"sucr",1,200,89237
"R004","supra",1,"sucr",2,400,13795
"R004","supra",1,"sucr",3,0,32670
"R004","supra",1,"sucr",4,100,85785
"R004","supra",2,"nacl",1,200,50079
"R004","supra",2,"nacl",2,400,63621
"R004","supra",2,"nacl",3,100,83414
"R004","supra",2,"nacl",4,0,35193
"R004","supra",2,"sucr",1,400,39956
"R004","supra",2,"sucr",2,100,91453
"R004","supra",2,"sucr",3,0,95589
"R004","supra",2,"sucr",4,200,95039
"R004","supra",3,"nacl",1,400,77844
"R004","supra",3,"nacl",2,200,68218
"R004","supra",3,"nacl",3,0,60066
"R004","supra",3,"nacl",4,100,92495
"R004","supra",3,"sucr",1,400,48864
"R004","supra",3,"sucr",2,0,49477
"R004","supra",3,"sucr",3,200,21882
"R004","supra",3,"sucr",4,100,30389
"R004","supra",4,"nacl",1,400,18282
"R004","supra",4,"nacl",2,200,59057
"R004","supra",4,"nacl",3,0,75601
"R004","supra",4,"nacl",4,100,33224
"R004","supra",4,"sucr",1,100,42246
"R004","supra",4,"sucr",2,200,90694
"R004","supra",4,"sucr",3,400,25650
"R004","supra",4,"sucr",4,0,11506
"R005","supra",1,"nacl",1,100,59767
"R005","supra",1,"nacl",2,400,12434
"R005","supra",1,"nacl",3,200,38247
"R005","supra",1,"nacl",4,0,82595
"R005","supra",1,"sucr",1,0,32670
"R005","supra",1,"sucr",2,200,89237
"R005","supra",1,"sucr",3,100,85785
"R005","supra",1,"sucr",4,400,13795
"R005","supra",2,"sucr",1,100,91453
"R005","supra",2,"sucr",2,200,95039
"R005","supra",2,"sucr",3,400,39956
"R005","supra",2,"sucr",4,0,95589
"R005","supra",2,"nacl",1,400,63621
"R005","supra",2,"nacl",2,200,50079
"R005","supra",2,"nacl",3,0,35193
"R005","supra",2,"nacl",4,100,83414
"R005","supra",3,"nacl",1,0,60066
"R005","supra",3,"nacl",2,400,77844
"R005","supra",3,"nacl",3,200,68218
"R005","supra",3,"nacl",4,100,92495
"R005","supra",3,"sucr",1,100,30389
"R005","supra",3,"sucr",2,0,49477
"R005","supra",3,"sucr",3,400,48864
"R005","supra",3,"sucr",4,200,21882
"R005","supra",4,"sucr",1,100,42246
"R005","supra",4,"sucr",2,400,25650
"R005","supra",4,"sucr",3,0,11506
"R005","supra",4,"sucr",4,200,90694
"R005","supra",4,"nacl",1,100,33224
"R005","supra",4,"nacl",2,0,75601
"R005","supra",4,"nacl",3,400,18282
"R005","supra",4,"nacl",4,200,59057
"R006","supra",1,"nacl",1,0,82595
"R006","supra",1,"nacl",2,200,38247
"R006","supra",1,"nacl",3,400,12434
"R006","supra",1,"nacl",4,100,59767
"R006","supra",1,"sucr",1,100,85785
"R006","supra",1,"sucr",2,400,13795
"R006","supra",1,"sucr",3,200,89237
"R006","supra",1,"sucr",4,0,32670
"R006","supra",2,"sucr",1,100,91453
"R006","supra",2,"sucr",2,200,95039
"R006","supra",2,"sucr",3,0,95589
"R006","supra",2,"sucr",4,400,39956
"R006","supra",2,"nacl",1,400,63621
"R006","supra",2,"nacl",2,0,35193
"R006","supra",2,"nacl",3,100,83414
"R006","supra",2,"nacl",4,200,50079
"R006","supra",3,"sucr",1,400,48864
"R006","supra",3,"sucr",2,0,49477
"R006","supra",3,"sucr",3,100,30389
"R006","supra",3,"sucr",4,200,21882
"R006","supra",3,"nacl",1,400,77844
"R006","supra",3,"nacl",2,0,60066
"R006","supra",3,"nacl",3,100,92495
"R006","supra",3,"nacl",4,200,68218
"R006","supra",4,"nacl",1,100,33224
"R006","supra",4,"nacl",2,0,75601
"R006","supra",4,"nacl",3,400,18282
"R006","supra",4,"nacl",4,200,59057
"R006","supra",4,"sucr",1,400,25650
"R006","supra",4,"sucr",2,200,90694
"R006","supra",4,"sucr",3,100,42246
"R006","supra",4,"sucr",4,0,11506
"R007","supra",1,"sucr",1,400,13795
"R007","supra",1,"sucr",2,200,89237
"R007","supra",1,"sucr",3,100,85785
"R007","supra",1,"sucr",4,0,32670
"R007","supra",1,"nacl",1,400,12434
"R007","supra",1,"nacl",2,0,82595
"R007","supra",1,"nacl",3,200,38247
"R007","supra",1,"nacl",4,100,59767
"R007","supra",2,"sucr",1,200,95039
"R007","supra",2,"sucr",2,0,95589
"R007","supra",2,"sucr",3,400,39956
"R007","supra",2,"sucr",4,100,91453
"R007","supra",2,"nacl",1,100,83414
"R007","supra",2,"nacl",2,0,35193
"R007","supra",2,"nacl",3,200,50079
"R007","supra",2,"nacl",4,400,63621
"R007","supra",3,"sucr",1,100,30389
"R007","supra",3,"sucr",2,200,21882
"R007","supra",3,"sucr",3,400,48864
"R007","supra",3,"sucr",4,0,49477
"R007","supra",3,"nacl",1,400,77844
"R007","supra",3,"nacl",2,200,68218
"R007","supra",3,"nacl",3,100,92495
"R007","supra",3,"nacl",4,0,60066
"R007","supra",4,"nacl",1,100,33224
"R007","supra",4,"nacl",2,0,75601
"R007","supra",4,"nacl",3,200,59057
"R007","supra",4,"nacl",4,400,18282
"R007","supra",4,"sucr",1,200,90694
"R007","supra",4,"sucr",2,0,11506
"R007","supra",4,"sucr",3,400,25650
"R007","supra",4,"sucr",4,100,42246
"R008","supra",1,"sucr",1,100,85785
"R008","supra",1,"sucr",2,0,32670
"R008","supra",1,"sucr",3,400,13795
"R008","supra",1,"sucr",4,200,89237
"R008","supra",1,"nacl",1,400,12434
"R008","supra",1,"nacl",2,0,82595
"R008","supra",1,"nacl",3,200,38247
"R008","supra",1,"nacl",4,100,59767
"R008","supra",2,"nacl",1,400,63621
"R008","supra",2,"nacl",2,100,83414
"R008","supra",2,"nacl",3,200,50079
"R008","supra",2,"nacl",4,0,35193
"R008","supra",2,"sucr",1,200,95039
"R008","supra",2,"sucr",2,100,91453
"R008","supra",2,"sucr",3,0,95589
"R008","supra",2,"sucr",4,400,39956
"R008","supra",3,"nacl",1,100,92495
"R008","supra",3,"nacl",2,400,77844
"R008","supra",3,"nacl",3,0,60066
"R008","supra",3,"nacl",4,200,68218
"R008","supra",3,"sucr",1,0,49477
"R008","supra",3,"sucr",2,100,30389
"R008","supra",3,"sucr",3,400,48864
"R008","supra",3,"sucr",4,200,21882
"R008","supra",4,"sucr",1,400,25650
"R008","supra",4,"sucr",2,200,90694
"R008","supra",4,"sucr",3,100,42246
"R008","supra",4,"sucr",4,0,11506
"R008","supra",4,"nacl",1,400,18282
"R008","supra",4,"nacl",2,100,33224
"R008","supra",4,"nacl",3,200,59057
"R008","supra",4,"nacl",4,0,75601
"R009","supra",1,"sucr",1,400,13795
"R009","supra",1,"sucr",2,100,85785
"R009","supra",1,"sucr",3,200,89237
"R009","supra",1,"sucr",4,0,32670
"R009","supra",1,"nacl",1,200,38247
"R009","supra",1,"nacl",2,400,12434
"R009","supra",1,"nacl",3,100,59767
"R009","supra",1,"nacl",4,0,82595
"R009","supra",2,"nacl",1,100,83414
"R009","supra",2,"nacl",2,0,35193
"R009","supra",2,"nacl",3,200,50079
"R009","supra",2,"nacl",4,400,63621
"R009","supra",2,"sucr",1,200,95039
"R009","supra",2,"sucr",2,400,39956
"R009","supra",2,"sucr",3,0,95589
"R009","supra",2,"sucr",4,100,91453
"R009","supra",3,"sucr",1,200,21882
"R009","supra",3,"sucr",2,400,48864
"R009","supra",3,"sucr",3,100,30389
"R009","supra",3,"sucr",4,0,49477
"R009","supra",3,"nacl",1,200,68218
"R009","supra",3,"nacl",2,400,77844
"R009","supra",3,"nacl",3,0,60066
"R009","supra",3,"nacl",4,100,92495
"R009","supra",4,"nacl",1,100,33224
"R009","supra",4,"nacl",2,200,59057
"R009","supra",4,"nacl",3,0,75601
"R009","supra",4,"nacl",4,400,18282
"R009","supra",4,"sucr",1,200,90694
"R009","supra",4,"sucr",2,400,25650
"R009","supra",4,"sucr",3,100,42246
"R009","supra",4,"sucr",4,0,11506
"R010","supra",1,"nacl",1,0,82595
"R010","supra",1,"nacl",2,200,38247
"R010","supra",1,"nacl",3,400,12434
"R010","supra",1,"nacl",4,100,59767
"R010","supra",1,"sucr",1,200,89237
"R010","supra",1,"sucr",2,100,85785
"R010","supra",1,"sucr",3,0,32670
"R010","supra",1,"sucr",4,400,13795
"R010","supra",2,"sucr",1,200,95039
"R010","supra",2,"sucr",2,0,95589
"R010","supra",2,"sucr",3,100,91453
"R010","supra",2,"sucr",4,400,39956
"R010","supra",2,"nacl",1,400,63621
"R010","supra",2,"nacl",2,200,50079
"R010","supra",2,"nacl",3,100,83414
"R010","supra",2,"nacl",4,0,35193
"R010","supra",3,"nacl",1,100,92495
"R010","supra",3,"nacl",2,200,68218
"R010","supra",3,"nacl",3,400,77844
"R010","supra",3,"nacl",4,0,60066
"R010","supra",3,"sucr",1,200,21882
"R010","supra",3,"sucr",2,100,30389
"R010","supra",3,"sucr",3,400,48864
"R010","supra",3,"sucr",4,0,49477
"R010","supra",4,"sucr",1,400,25650
"R010","supra",4,"sucr",2,200,90694
"R010","supra",4,"sucr",3,0,11506
"R010","supra",4,"sucr",4,100,42246
"R010","supra",4,"nacl",1,200,59057
"R010","supra",4,"nacl",2,400,18282
"R010","supra",4,"nacl",3,100,33224
"R010","supra",4,"nacl",4,0,75601
"R011","supra",1,"sucr",1,0,32670
"R011","supra",1,"sucr",2,100,85785
"R011","supra",1,"sucr",3,400,13795
"R011","supra",1,"sucr",4,200,89237
"R011","supra",1,"nacl",1,100,59767
"R011","supra",1,"nacl",2,0,82595
"R011","supra",1,"nacl",3,200,38247
"R011","supra",1,"nacl",4,400,12434
"R011","supra",2,"nacl",1,0,35193
"R011","supra",2,"nacl",2,400,63621
"R011","supra",2,"nacl",3,100,83414
"R011","supra",2,"nacl",4,200,50079
"R011","supra",2,"sucr",1,400,39956
"R011","supra",2,"sucr",2,200,95039
"R011","supra",2,"sucr",3,0,95589
"R011","supra",2,"sucr",4,100,91453
"R011","supra",3,"nacl",1,400,77844
"R011","supra",3,"nacl",2,100,92495
"R011","supra",3,"nacl",3,200,68218
"R011","supra",3,"nacl",4,0,60066
"R011","supra",3,"sucr",1,100,30389
"R011","supra",3,"sucr",2,400,48864
"R011","supra",3,"sucr",3,200,21882
"R011","supra",3,"sucr",4,0,49477
"R011","supra",4,"sucr",1,200,90694
"R011","supra",4,"sucr",2,100,42246
"R011","supra",4,"sucr",3,0,11506
"R011","supra",4,"sucr",4,400,25650
"R011","supra",4,"nacl",1,200,59057
"R011","supra",4,"nacl",2,100,33224
"R011","supra",4,"nacl",3,0,75601
"R011","supra",4,"nacl",4,400,18282
"R012","supra",1,"nacl",1,400,12434
"R012","supra",1,"nacl",2,100,59767
"R012","supra",1,"nacl",3,0,82595
"R012","supra",1,"nacl",4,200,38247
"R012","supra",1,"sucr",1,0,32670
"R012","supra",1,"sucr",2,400,13795
"R012","supra",1,"sucr",3,100,85785
"R012","supra",1,"sucr",4,200,89237
"R012","supra",2,"nacl",1,100,83414
"R012","supra",2,"nacl",2,200,50079
"R012","supra",2,"nacl",3,0,35193
"R012","supra",2,"nacl",4,400,63621
"R012","supra",2,"sucr",1,100,91453
"R012","supra",2,"sucr",2,400,39956
"R012","supra",2,"sucr",3,0,95589
"R012","supra",2,"sucr",4,200,95039
"R012","supra",3,"sucr",1,400,48864
"R012","supra",3,"sucr",2,100,30389
"R012","supra",3,"sucr",3,200,21882
"R012","supra",3,"sucr",4,0,49477
"R012","supra",3,"nacl",1,400,77844
"R012","supra",3,"nacl",2,0,60066
"R012","supra",3,"nacl",3,100,92495
"R012","supra",3,"nacl",4,200,68218
"R012","supra",4,"nacl",1,200,59057
"R012","supra",4,"nacl",2,400,18282
"R012","supra",4,"nacl",3,100,33224
"R012","supra",4,"nacl",4,0,75601
"R012","supra",4,"sucr",1,0,11506
"R012","supra",4,"sucr",2,100,42246
"R012","supra",4,"sucr",3,400,25650
"R012","supra",4,"sucr",4,200,90694
"R013","supra",1,"sucr",1,400,13795
"R013","supra",1,"sucr",2,0,32670
"R013","supra",1,"sucr",3,100,85785
"R013","supra",1,"sucr",4,200,89237
"R013","supra",1,"nacl",1,200,38247
"R013","supra",1,"nacl",2,400,12434
"R013","supra",1,"nacl",3,100,59767
"R013","supra",1,"nacl",4,0,82595
"R013","supra",2,"sucr",1,400,39956
"R013","supra",2,"sucr",2,100,91453
"R013","supra",2,"sucr",3,200,95039
"R013","supra",2,"sucr",4,0,95589
"R013","supra",2,"nacl",1,100,83414
"R013","supra",2,"nacl",2,200,50079
"R013","supra",2,"nacl",3,400,63621
"R013","supra",2,"nacl",4,0,35193
"R013","supra",3,"nacl",1,400,77844
"R013","supra",3,"nacl",2,100,92495
"R013","supra",3,"nacl",3,200,68218
"R013","supra",3,"nacl",4,0,60066
"R013","supra",3,"sucr",1,200,21882
"R013","supra",3,"sucr",2,100,30389
"R013","supra",3,"sucr",3,0,49477
"R013","supra",3,"sucr",4,400,48864
"R013","supra",4,"sucr",1,100,42246
"R013","supra",4,"sucr",2,400,25650
"R013","supra",4,"sucr",3,200,90694
"R013","supra",4,"sucr",4,0,11506
"R013","supra",4,"nacl",1,400,18282
"R013","supra",4,"nacl",2,0,75601
"R013","supra",4,"nacl",3,100,33224
"R013","supra",4,"nacl",4,200,59057
"R014","supra",1,"sucr",1,200,89237
"R014","supra",1,"sucr",2,0,32670
"R014","supra",1,"sucr",3,400,13795
"R014","supra",1,"sucr",4,100,85785
"R014","supra",1,"nacl",1,200,38247
"R014","supra",1,"nacl",2,400,12434
"R014","supra",1,"nacl",3,100,59767
"R014","supra",1,"nacl",4,0,82595
"R014","supra",2,"sucr",1,200,95039
"R014","supra",2,"sucr",2,100,91453
"R014","supra",2,"sucr",3,0,95589
"R014","supra",2,"sucr",4,400,39956
"R014","supra",2,"nacl",1,0,35193
"R014","supra",2,"nacl",2,400,63621
"R014","supra",2,"nacl",3,100,83414
"R014","supra",2,"nacl",4,200,50079
"R014","supra",3,"sucr",1,0,49477
"R014","supra",3,"sucr",2,400,48864
"R014","supra",3,"sucr",3,100,30389
"R014","supra",3,"sucr",4,200,21882
"R014","supra",3,"nacl",1,400,77844
"R014","supra",3,"nacl",2,100,92495
"R014","supra",3,"nacl",3,200,68218
"R014","supra",3,"nacl",4,0,60066
"R014","supra",4,"nacl",1,200,59057
"R014","supra",4,"nacl",2,400,18282
"R014","supra",4,"nacl",3,0,75601
"R014","supra",4,"nacl",4,100,33224
"R014","supra",4,"sucr",1,0,11506
"R014","supra",4,"sucr",2,400,25650
"R014","supra",4,"sucr",3,200,90694
"R014","supra",4,"sucr",4,100,42246
"R015","supra",1,"sucr",1,100,85785
"R015","supra",1,"sucr",2,200,89237
"R015","supra",1,"sucr",3,0,32670
"R015","supra",1,"sucr",4,400,13795
"R015","supra",1,"nacl",1,0,82595
"R015","supra",1,"nacl",2,400,12434
"R015","supra",1,"nacl",3,200,38247
"R015","supra",1,"nacl",4,100,59767
"R015","supra",2,"nacl",1,0,35193
"R015","supra",2,"nacl",2,400,63621
"R015","supra",2,"nacl",3,100,83414
"R015","supra",2,"nacl",4,200,50079
"R015","supra",2,"sucr",1,400,39956
"R015","supra",2,"sucr",2,0,95589
"R015","supra",2,"sucr",3,200,95039
"R015","supra",2,"sucr",4,100,91453
"R015","supra",3,"nacl",1,100,92495
"R015","supra",3,"nacl",2,400,77844
"R015","supra",3,"nacl",3,200,68218
"R015","supra",3,"nacl",4,0,60066
"R015","supra",3,"sucr",1,400,48864
"R015","supra",3,"sucr",2,0,49477
"R015","supra",3,"sucr",3,100,30389
"R015","supra",3,"sucr",4,200,21882
"R015","supra",4,"nacl",1,0,75601
"R015","supra",4,"nacl",2,400,18282
"R015","supra",4,"nacl",3,100,33224
"R015","supra",4,"nacl",4,200,59057
"R015","supra",4,"sucr",1,400,25650
"R015","supra",4,"sucr",2,0,11506
"R015","supra",4,"sucr",3,200,90694
"R015","supra",4,"sucr",4,100,42246
"R016","supra",1,"sucr",1,100,85785
"R016","supra",1,"sucr",2,400,13795
"R016","supra",1,"sucr",3,200,89237
"R016","supra",1,"sucr",4,0,32670
"R016","supra",1,"nacl",1,200,38247
"R016","supra",1,"nacl",2,400,12434
"R016","supra",1,"nacl",3,0,82595
"R016","supra",1,"nacl",4,100,59767
"R016","supra",2,"sucr",1,400,39956
"R016","supra",2,"sucr",2,100,91453
"R016","supra",2,"sucr",3,200,95039
"R016","supra",2,"sucr",4,0,95589
"R016","supra",2,"nacl",1,0,35193
"R016","supra",2,"nacl",2,100,83414
"R016","supra",2,"nacl",3,400,63621
"R016","supra",2,"nacl",4,200,50079
"R016","supra",3,"nacl",1,100,92495
"R016","supra",3,"nacl",2,200,68218
"R016","supra",3,"nacl",3,0,60066
"R016","supra",3,"nacl",4,400,77844
"R016","supra",3,"sucr",1,100,30389
"R016","supra",3,"sucr",2,200,21882
"R016","supra",3,"sucr",3,0,49477
"R016","supra",3,"sucr",4,400,48864
"R016","supra",4,"sucr",1,200,90694
"R016","supra",4,"sucr",2,100,42246
"R016","supra",4,"sucr",3,0,11506
"R016","supra",4,"sucr",4,400,25650
"R016","supra",4,"nacl",1,100,33224
"R016","supra",4,"nacl",2,200,59057
"R016","supra",4,"nacl",3,0,75601
"R016","supra",4,"nacl",4,400,18282
"R017","supra",1,"sucr",1,200,89237
"R017","supra",1,"sucr",2,0,32670
"R017","supra",1,"sucr",3,400,13795
"R017","supra",1,"sucr",4,100,85785
"R017","supra",1,"nacl",1,200,38247
"R017","supra",1,"nacl",2,400,12434
"R017","supra",1,"nacl",3,0,82595
"R017","supra",1,"nacl",4,100,59767
"R017","supra",2,"nacl",1,0,35193
"R017","supra",2,"nacl",2,200,50079
"R017","supra",2,"nacl",3,100,83414
"R017","supra",2,"nacl",4,400,63621
"R017","supra",2,"sucr",1,400,39956
"R017","supra",2,"sucr",2,100,91453
"R017","supra",2,"sucr",3,0,95589
"R017","supra",2,"sucr",4,200,95039
"R017","supra",3,"nacl",1,200,68218
"R017","supra",3,"nacl",2,0,60066
"R017","supra",3,"nacl",3,400,77844
"R017","supra",3,"nacl",4,100,92495
"R017","supra",3,"sucr",1,100,30389
"R017","supra",3,"sucr",2,0,49477
"R017","supra",3,"sucr",3,400,48864
"R017","supra",3,"sucr",4,200,21882
"R017","supra",4,"sucr",1,0,11506
"R017","supra",4,"sucr",2,400,25650
"R017","supra",4,"sucr",3,200,90694
"R017","supra",4,"sucr",4,100,42246
"R017","supra",4,"nacl",1,0,75601
"R017","supra",4,"nacl",2,200,59057
"R017","supra",4,"nacl",3,100,33224
"R017","supra",4,"nacl",4,400,18282
"R018","supra",1,"nacl",1,200,38247
"R018","supra",1,"nacl",2,100,59767
"R018","supra",1,"nacl",3,0,82595
"R018","supra",1,"nacl",4,400,12434
"R018","supra",1,"sucr",1,200,89237
"R018","supra",1,"sucr",2,100,85785
"R018","supra",1,"sucr",3,400,13795
"R018","supra",1,"sucr",4,0,32670
"R018","supra",2,"nacl",1,100,83414
"R018","supra",2,"nacl",2,0,35193
"R018","supra",2,"nacl",3,200,50079
"R018","supra",2,"nacl",4,400,63621
"R018","supra",2,"sucr",1,200,95039
"R018","supra",2,"sucr",2,0,95589
"R018","supra",2,"sucr",3,100,91453
"R018","supra",2,"sucr",4,400,39956
"R018","supra",3,"sucr",1,0,49477
"R018","supra",3,"sucr",2,200,21882
"R018","supra",3,"sucr",3,100,30389
"R018","supra",3,"sucr",4,400,48864
"R018","supra",3,"nacl",1,200,68218
"R018","supra",3,"nacl",2,400,77844
"R018","supra",3,"nacl",3,0,60066
"R018","supra",3,"nacl",4,100,92495
"R018","supra",4,"sucr",1,100,42246
"R018","supra",4,"sucr",2,0,11506
"R018","supra",4,"sucr",3,400,25650
"R018","supra",4,"sucr",4,200,90694
"R018","supra",4,"nacl",1,0,75601
"R018","supra",4,"nacl",2,200,59057
"R018","supra",4,"nacl",3,400,18282
"R018","supra",4,"nacl",4,100,33224
"R019","supra",1,"nacl",1,100,59767
"R019","supra",1,"nacl",2,200,38247
"R019","supra",1,"nacl",3,0,82595
"R019","supra",1,"nacl",4,400,12434
"R019","supra",1,"sucr",1,200,89237
"R019","supra",1,"sucr",2,0,32670
"R019","supra",1,"sucr",3,100,85785
"R019","supra",1,"sucr",4,400,13795
"R019","supra",2,"nacl",1,400,63621
"R019","supra",2,"nacl",2,100,83414
"R019","supra",2,"nacl",3,0,35193
"R019","supra",2,"nacl",4,200,50079
"R019","supra",2,"sucr",1,400,39956
"R019","supra",2,"sucr",2,100,91453
"R019","supra",2,"sucr",3,0,95589
"R019","supra",2,"sucr",4,200,95039
"R019","supra",3,"nacl",1,100,92495
"R019","supra",3,"nacl",2,400,77844
"R019","supra",3,"nacl",3,200,68218
"R019","supra",3,"nacl",4,0,60066
"R019","supra",3,"sucr",1,100,30389
"R019","supra",3,"sucr",2,200,21882
"R019","supra",3,"sucr",3,400,48864
"R019","supra",3,"sucr",4,0,49477
"R019","supra",4,"nacl",1,400,18282
"R019","supra",4,"nacl",2,0,75601
"R019","supra",4,"nacl",3,200,59057
"R019","supra",4,"nacl",4,100,33224
"R019","supra",4,"sucr",1,400,25650
"R019","supra",4,"sucr",2,200,90694
"R019","supra",4,"sucr",3,100,42246
"R019","supra",4,"sucr",4,0,11506
"R020","supra",1,"sucr",1,200,89237
"R020","supra",1,"sucr",2,400,13795
"R020","supra",1,"sucr",3,0,32670
"R020","supra",1,"sucr",4,100,85785
"R020","supra",1,"nacl",1,100,59767
"R020","supra",1,"nacl",2,400,12434
"R020","supra",1,"nacl",3,0,82595
"R020","supra",1,"nacl",4,200,38247
"R020","supra",2,"nacl",1,100,83414
"R020","supra",2,"nacl",2,0,35193
"R020","supra",2,"nacl",3,200,50079
"R020","supra",2,"nacl",4,400,63621
"R020","supra",2,"sucr",1,0,95589
"R020","supra",2,"sucr",2,200,95039
"R020","supra",2,"sucr",3,100,91453
"R020","supra",2,"sucr",4,400,39956
"R020","supra",3,"sucr",1,0,49477
"R020","supra",3,"sucr",2,400,48864
"R020","supra",3,"sucr",3,100,30389
"R020","supra",3,"sucr",4,200,21882
"R020","supra",3,"nacl",1,0,60066
"R020","supra",3,"nacl",2,400,77844
"R020","supra",3,"nacl",3,200,68218
"R020","supra",3,"nacl",4,100,92495
"R020","supra",4,"sucr",1,400,25650
"R020","supra",4,"sucr",2,200,90694
"R020","supra",4,"sucr",3,100,42246
"R020","supra",4,"sucr",4,0,11506
"R020","supra",4,"nacl",1,400,18282
"R020","supra",4,"nacl",2,200,59057
"R020","supra",4,"nacl",3,100,33224
"R020","supra",4,"nacl",4,0,75601
"R021","supra",1,"sucr",1,200,89237
"R021","supra",1,"sucr",2,0,32670
"R021","supra",1,"sucr",3,400,13795
"R021","supra",1,"sucr",4,100,85785
"R021","supra",1,"nacl",1,200,38247
"R021","supra",1,"nacl",2,400,12434
"R021","supra",1,"nacl",3,100,59767
"R021","supra",1,"nacl",4,0,82595
"R021","supra",2,"sucr",1,200,95039
"R021","supra",2,"sucr",2,0,95589
"R021","supra",2,"sucr",3,400,39956
"R021","supra",2,"sucr",4,100,91453
"R021","supra",2,"nacl",1,100,83414
"R021","supra",2,"nacl",2,0,35193
"R021","supra",2,"nacl",3,200,50079
"R021","supra",2,"nacl",4,400,63621
"R021","supra",3,"sucr",1,400,48864
"R021","supra",3,"sucr",2,0,49477
"R021","supra",3,"sucr",3,100,30389
"R021","supra",3,"sucr",4,200,21882
"R021","supra",3,"nacl",1,100,92495
"R021","supra",3,"nacl",2,200,68218
"R021","supra",3,"nacl",3,400,77844
"R021","supra",3,"nacl",4,0,60066
"R021","supra",4,"nacl",1,0,75601
"R021","supra",4,"nacl",2,200,59057
"R021","supra",4,"nacl",3,400,18282
"R021","supra",4,"nacl",4,100,33224
"R021","supra",4,"sucr",1,200,90694
"R021","supra",4,"sucr",2,100,42246
"R021","supra",4,"sucr",3,0,11506
"R021","supra",4,"sucr",4,400,25650
"R022","supra",1,"nacl",1,400,12434
"R022","supra",1,"nacl",2,100,59767
"R022","supra",1,"nacl",3,200,38247
"R022","supra",1,"nacl",4,0,82595
"R022","supra",1,"sucr",1,200,89237
"R022","supra",1,"sucr",2,400,13795
"R022","supra",1,"sucr",3,100,85785
"R022","supra",1,"sucr",4,0,32670
"R022","supra",2,"nacl",1,200,50079
"R022","supra",2,"nacl",2,400,63621
"R022","supra",2,"nacl",3,100,83414
"R022","supra",2,"nacl",4,0,35193
"R022","supra",2,"sucr",1,0,95589
"R022","supra",2,"sucr",2,400,39956
"R022","supra",2,"sucr",3,200,95039
"R022","supra",2,"sucr",4,100,91453
"R022","supra",3,"sucr",1,100,30389
"R022","supra",3,"sucr",2,0,49477
"R022","supra",3,"sucr",3,400,48864
"R022","supra",3,"sucr",4,200,21882
"R022","supra",3,"nacl",1,200,68218
"R022","supra",3,"nacl",2,100,92495
"R022","supra",3,"nacl",3,400,77844
"R022","supra",3,"nacl",4,0,60066
"R022","supra",4,"nacl",1,400,18282
"R022","supra",4,"nacl",2,200,59057
"R022","supra",4,"nacl",3,100,33224
"R022","supra",4,"nacl",4,0,75601
"R022","supra",4,"sucr",1,200,90694
"R022","supra",4,"sucr",2,400,25650
"R022","supra",4,"sucr",3,100,42246
"R022","supra",4,"sucr",4,0,11506
"R023","supra",1,"sucr",1,200,89237
"R023","supra",1,"sucr",2,0,32670
"R023","supra",1,"sucr",3,100,85785
"R023","supra",1,"sucr",4,400,13795
"R023","supra",1,"nacl",1,0,82595
"R023","supra",1,"nacl",2,200,38247
"R023","supra",1,"nacl",3,100,59767
"R023","supra",1,"nacl",4,400,12434
"R023","supra",2,"sucr",1,400,39956
"R023","supra",2,"sucr",2,0,95589
"R023","supra",2,"sucr",3,200,95039
"R023","supra",2,"sucr",4,100,91453
"R023","supra",2,"nacl",1,200,50079
"R023","supra",2,"nacl",2,100,83414
"R023","supra",2,"nacl",3,400,63621
"R023","supra",2,"nacl",4,0,35193
"R023","supra",3,"sucr",1,200,21882
"R023","supra",3,"sucr",2,400,48864
"R023","supra",3,"sucr",3,0,49477
"R023","supra",3,"sucr",4,100,30389
"R023","supra",3,"nacl",1,400,77844
"R023","supra",3,"nacl",2,0,60066
"R023","supra",3,"nacl",3,100,92495
"R023","supra",3,"nacl",4,200,68218
"R023","supra",4,"nacl",1,400,18282
"R023","supra",4,"nacl",2,100,33224
"R023","supra",4,"nacl",3,200,59057
"R023","supra",4,"nacl",4,0,75601
"R023","supra",4,"sucr",1,400,25650
"R023","supra",4,"sucr",2,100,42246
"R023","supra",4,"sucr",3,200,90694
"R023","supra",4,"sucr",4,0,11506
"R024","supra",1,"nacl",1,100,59767
"R024","supra",1,"nacl",2,200,38247
"R024","supra",1,"nacl",3,400,12434
"R024","supra",1,"nacl",4,0,82595
"R024","supra",1,"sucr",1,0,32670
"R024","supra",1,"sucr",2,100,85785
"R024","supra",1,"sucr",3,200,89237
"R024","supra",1,"sucr",4,400,13795
"R024","supra",2,"nacl",1,400,63621
"R024","supra",2,"nacl",2,100,83414
"R024","supra",2,"nacl",3,0,35193
"R024","supra",2,"nacl",4,200,50079
"R024","supra",2,"sucr",1,400,39956
"R024","supra",2,"sucr",2,100,91453
"R024","supra",2,"sucr",3,0,95589
"R024","supra",2,"sucr",4,200,95039
"R024","supra",3,"nacl",1,100,92495
"R024","supra",3,"nacl",2,0,60066
"R024","supra",3,"nacl",3,400,77844
"R024","supra",3,"nacl",4,200,68218
"R024","supra",3,"sucr",1,100,30389
"R024","supra",3,"sucr",2,0,49477
"R024","supra",3,"sucr",3,200,21882
"R024","supra",3,"sucr",4,400,48864
"R024","supra",4,"sucr",1,400,25650
"R024","supra",4,"sucr",2,0,11506
"R024","supra",4,"sucr",3,200,90694
"R024","supra",4,"sucr",4,100,42246
"R024","supra",4,"nacl",1,0,75601
"R024","supra",4,"nacl",2,100,33224
"R024","supra",4,"nacl",3,400,18282
"R024","supra",4,"nacl",4,200,59057
"R025","supra",1,"nacl",1,0,82595
"R025","supra",1,"nacl",2,400,12434
"R025","supra",1,"nacl",3,100,59767
"R025","supra",1,"nacl",4,200,38247
"R025","supra",1,"sucr",1,200,89237
"R025","supra",1,"sucr",2,0,32670
"R025","supra",1,"sucr",3,400,13795
"R025","supra",1,"sucr",4,100,85785
"R025","supra",2,"sucr",1,200,95039
"R025","supra",2,"sucr",2,400,39956
"R025","supra",2,"sucr",3,0,95589
"R025","supra",2,"sucr",4,100,91453
"R025","supra",2,"nacl",1,200,50079
"R025","supra",2,"nacl",2,400,63621
"R025","supra",2,"nacl",3,0,35193
"R025","supra",2,"nacl",4,100,83414
"R025","supra",3,"sucr",1,400,48864
"R025","supra",3,"sucr",2,0,49477
"R025","supra",3,"sucr",3,200,21882
"R025","supra",3,"sucr",4,100,30389
"R025","supra",3,"nacl",1,0,60066
"R025","supra",3,"nacl",2,400,77844
"R025","supra",3,"nacl",3,100,92495
"R025","supra",3,"nacl",4,200,68218
"R025","supra",4,"nacl",1,200,59057
"R025","supra",4,"nacl",2,400,18282
"R025","supra",4,"nacl",3,0,75601
"R025","supra",4,"nacl",4,100,33224
"R025","supra",4,"sucr",1,0,11506
"R025","supra",4,"sucr",2,400,25650
"R025","supra",4,"sucr",3,100,42246
"R025","supra",4,"sucr",4,200,90694
"R026","supra",1,"nacl",1,200,38247
"R026","supra",1,"nacl",2,0,82595
"R026","supra",1,"nacl",3,400,12434
"R026","supra",1,"nacl",4,100,59767
"R026","supra",1,"sucr",1,0,32670
"R026","supra",1,"sucr",2,100,85785
"R026","supra",1,"sucr",3,400,13795
"R026","supra",1,"sucr",4,200,89237
"R026","supra",2,"nacl",1,400,63621
"R026","supra",2,"nacl",2,0,35193
"R026","supra",2,"nacl",3,200,50079
"R026","supra",2,"nacl",4,100,83414
"R026","supra",2,"sucr",1,400,39956
"R026","supra",2,"sucr",2,200,95039
"R026","supra",2,"sucr",3,100,91453
"R026","supra",2,"sucr",4,0,95589
"R026","supra",3,"nacl",1,0,60066
"R026","supra",3,"nacl",2,100,92495
"R026","supra",3,"nacl",3,200,68218
"R026","supra",3,"nacl",4,400,77844
"R026","supra",3,"sucr",1,400,48864
"R026","supra",3,"sucr",2,0,49477
"R026","supra",3,"sucr",3,100,30389
"R026","supra",3,"sucr",4,200,21882
"R026","supra",4,"nacl",1,100,33224
"R026","supra",4,"nacl",2,200,59057
"R026","supra",4,"nacl",3,400,18282
"R026","supra",4,"nacl",4,0,75601
"R026","supra",4,"sucr",1,200,90694
"R026","supra",4,"sucr",2,400,25650
"R026","supra",4,"sucr",3,0,11506
"R026","supra",4,"sucr",4,100,42246
"R027","supra",1,"nacl",1,400,12434
"R027","supra",1,"nacl",2,100,59767
"R027","supra",1,"nacl",3,200,38247
"R027","supra",1,"nacl",4,0,82595
"R027","supra",1,"sucr",1,200,89237
"R027","supra",1,"sucr",2,400,13795
"R027","supra",1,"sucr",3,100,85785
"R027","supra",1,"sucr",4,0,32670
"R027","supra",2,"nacl",1,400,63621
"R027","supra",2,"nacl",2,200,50079
"R027","supra",2,"nacl",3,0,35193
"R027","supra",2,"nacl",4,100,83414
"R027","supra",2,"sucr",1,0,95589
"R027","supra",2,"sucr",2,400,39956
"R027","supra",2,"sucr",3,200,95039
"R027","supra",2,"sucr",4,100,91453
"R027","supra",3,"sucr",1,100,30389
"R027","supra",3,"sucr",2,200,21882
"R027","supra",3,"sucr",3,400,48864
"R027","supra",3,"sucr",4,0,49477
"R027","supra",3,"nacl",1,400,77844
"R027","supra",3,"nacl",2,200,68218
"R027","supra",3,"nacl",3,100,92495
"R027","supra",3,"nacl",4,0,60066
"R027","supra",4,"nacl",1,200,59057
"R027","supra",4,"nacl",2,100,33224
"R027","supra",4,"nacl",3,400,18282
"R027","supra",4,"nacl",4,0,75601
"R027","supra",4,"sucr",1,100,42246
"R027","supra",4,"sucr",2,200,90694
"R027","supra",4,"sucr",3,0,11506
"R027","supra",4,"sucr",4,400,25650
"R028","supra",1,"nacl",1,200,38247
"R028","supra",1,"nacl",2,400,12434
"R028","supra",1,"nacl",3,100,59767
"R028","supra",1,"nacl",4,0,82595
"R028","supra",1,"sucr",1,0,32670
"R028","supra",1,"sucr",2,200,89237
"R028","supra",1,"sucr",3,100,85785
"R028","supra",1,"sucr",4,400,13795
"R028","supra",2,"sucr",1,200,95039
"R028","supra",2,"sucr",2,100,91453
"R028","supra",2,"sucr",3,0,95589
"R028","supra",2,"sucr",4,400,39956
"R028","supra",2,"nacl",1,200,50079
"R028","supra",2,"nacl",2,100,83414
"R028","supra",2,"nacl",3,400,63621
"R028","supra",2,"nacl",4,0,35193
"R028","supra",3,"sucr",1,200,21882
"R028","supra",3,"sucr",2,100,30389
"R028","supra",3,"sucr",3,400,48864
"R028","supra",3,"sucr",4,0,49477
"R028","supra",3,"nacl",1,400,77844
"R028","supra",3,"nacl",2,200,68218
"R028","supra",3,"nacl",3,0,60066
"R028","supra",3,"nacl",4,100,92495
"R028","supra",4,"sucr",1,200,90694
"R028","supra",4,"sucr",2,100,42246
"R028","supra",4,"sucr",3,400,25650
"R028","supra",4,"sucr",4,0,11506
"R028","supra",4,"nacl",1,200,59057
"R028","supra",4,"nacl",2,400,18282
"R028","supra",4,"nacl",3,100,33224
"R028","supra",4,"nacl",4,0,75601
"R029","supra",1,"nacl",1,200,38247
"R029","supra",1,"nacl",2,0,82595
"R029","supra",1,"nacl",3,100,59767
"R029","supra",1,"nacl",4,400,12434
"R029","supra",1,"sucr",1,400,13795
"R029","supra",1,"sucr",2,200,89237
"R029","supra",1,"sucr",3,100,85785
"R029","supra",1,"sucr",4,0,32670
"R029","supra",2,"sucr",1,100,91453
"R029","supra",2,"sucr",2,0,95589
"R029","supra",2,"sucr",3,200,95039
"R029","supra",2,"sucr",4,400,39956
"R029","supra",2,"nacl",1,100,83414
"R029","supra",2,"nacl",2,200,50079
"R029","supra",2,"nacl",3,0,35193
"R029","supra",2,"nacl",4,400,63621
"R029","supra",3,"sucr",1,0,49477
"R029","supra",3,"sucr",2,400,48864
"R029","supra",3,"sucr",3,100,30389
"R029","supra",3,"sucr",4,200,21882
"R029","supra",3,"nacl",1,200,68218
"R029","supra",3,"nacl",2,100,92495
"R029","supra",3,"nacl",3,400,77844
"R029","supra",3,"nacl",4,0,60066
"R029","supra",4,"sucr",1,400,25650
"R029","supra",4,"sucr",2,200,90694
"R029","supra",4,"sucr",3,100,42246
"R029","supra",4,"sucr",4,0,11506
"R029","supra",4,"nacl",1,0,75601
"R029","supra",4,"nacl",2,100,33224
"R029","supra",4,"nacl",3,400,18282
"R029","supra",4,"nacl",4,200,59057
"R030","supra",1,"nacl",1,100,59767
"R030","supra",1,"nacl",2,400,12434
"R030","supra",1,"nacl",3,0,82595
"R030","supra",1,"nacl",4,200,38247
"R030","supra",1,"sucr",1,200,89237
"R030","supra",1,"sucr",2,100,85785
"R030","supra",1,"sucr",3,0,32670
"R030","supra",1,"sucr",4,400,13795
"R030","supra",2,"nacl",1,400,63621
"R030","supra",2,"nacl",2,100,83414
"R030","supra",2,"nacl",3,0,35193
"R030","supra",2,"nacl",4,200,50079
"R030","supra",2,"sucr",1,100,91453
"R030","supra",2,"sucr",2,400,39956
"R030","supra",2,"sucr",3,0,95589
"R030","supra",2,"sucr",4,200,95039
"R030","supra",3,"nacl",1,0,60066
"R030","supra",3,"nacl",2,400,77844
"R030","supra",3,"nacl",3,100,92495
"R030","supra",3,"nacl",4,200,68218
"R030","supra",3,"sucr",1,100,30389
"R030","supra",3,"sucr",2,200,21882
"R030","supra",3,"sucr",3,0,49477
"R030","supra",3,"sucr",4,400,48864
"R030","supra",4,"sucr",1,400,25650
"R030","supra",4,"sucr",2,200,90694
"R030","supra",4,"sucr",3,0,11506
"R030","supra",4,"sucr",4,100,42246
"R030","supra",4,"nacl",1,0,75601
"R030","supra",4,"nacl",2,100,33224
"R030","supra",4,"nacl",3,200,59057
"R030","supra",4,"nacl",4,400,18282
"R031","supra",1,"sucr",1,100,85785
"R031","supra",1,"sucr",2,400,13795
"R031","supra",1,"sucr",3,200,89237
"R031","supra",1,"sucr",4,0,32670
"R031","supra",1,"nacl",1,400,12434
"R031","supra",1,"nacl",2,200,38247
"R031","supra",1,"nacl",3,100,59767
"R031","supra",1,"nacl",4,0,82595
"R031","supra",2,"sucr",1,200,95039
"R031","supra",2,"sucr",2,0,95589
"R031","supra",2,"sucr",3,400,39956
"R031","supra",2,"sucr",4,100,91453
"R031","supra",2,"nacl",1,100,83414
"R031","supra",2,"nacl",2,400,63621
"R031","supra",2,"nacl",3,200,50079
"R031","supra",2,"nacl",4,0,35193
"R031","supra",3,"sucr",1,400,48864
"R031","supra",3,"sucr",2,0,49477
"R031","supra",3,"sucr",3,200,21882
"R031","supra",3,"sucr",4,100,30389
"R031","supra",3,"nacl",1,200,68218
"R031","supra",3,"nacl",2,0,60066
"R031","supra",3,"nacl",3,400,77844
"R031","supra",3,"nacl",4,100,92495
"R031","supra",4,"sucr",1,0,11506
"R031","supra",4,"sucr",2,200,90694
"R031","supra",4,"sucr",3,400,25650
"R031","supra",4,"sucr",4,100,42246
"R031","supra",4,"nacl",1,100,33224
"R031","supra",4,"nacl",2,0,75601
"R031","supra",4,"nacl",3,400,18282
"R031","supra",4,"nacl",4,200,59057
"R032","supra",1,"nacl",1,0,82595
"R032","supra",1,"nacl",2,100,59767
"R032","supra",1,"nacl",3,400,12434
"R032","supra",1,"nacl",4,200,38247
"R032","supra",1,"sucr",1,100,85785
"R032","supra",1,"sucr",2,400,13795
"R032","supra",1,"sucr",3,0,32670
"R032","supra",1,"sucr",4,200,89237
"R032","supra",2,"sucr",1,100,91453
"R032","supra",2,"sucr",2,0,95589
"R032","supra",2,"sucr",3,200,95039
"R032","supra",2,"sucr",4,400,39956
"R032","supra",2,"nacl",1,200,50079
"R032","supra",2,"nacl",2,100,83414
"R032","supra",2,"nacl",3,0,35193
"R032","supra",2,"nacl",4,400,63621
"R032","supra",3,"nacl",1,100,92495
"R032","supra",3,"nacl",2,0,60066
"R032","supra",3,"nacl",3,400,77844
"R032","supra",3,"nacl",4,200,68218
"R032","supra",3,"sucr",1,400,48864
"R032","supra",3,"sucr",2,0,49477
"R032","supra",3,"sucr",3,100,30389
"R032","supra",3,"sucr",4,200,21882
"R032","supra",4,"sucr",1,0,11506
"R032","supra",4,"sucr",2,400,25650
"R032","supra",4,"sucr",3,100,42246
"R032","supra",4,"sucr",4,200,90694
"R032","supra",4,"nacl",1,200,59057
"R032","supra",4,"nacl",2,100,33224
"R032","supra",4,"nacl",3,0,75601
"R032","supra",4,"nacl",4,400,18282
"R033","supra",1,"nacl",1,400,12434
"R033","supra",1,"nacl",2,100,59767
"R033","supra",1,"nacl",3,0,82595
"R033","supra",1,"nacl",4,200,38247
"R033","supra",1,"sucr",1,400,13795
"R033","supra",1,"sucr",2,0,32670
"R033","supra",1,"sucr",3,200,89237
"R033","supra",1,"sucr",4,100,85785
"R033","supra",2,"sucr",1,400,39956
"R033","supra",2,"sucr",2,100,91453
"R033","supra",2,"sucr",3,200,95039
"R033","supra",2,"sucr",4,0,95589
"R033","supra",2,"nacl",1,0,35193
"R033","supra",2,"nacl",2,200,50079
"R033","supra",2,"nacl",3,100,83414
"R033","supra",2,"nacl",4,400,63621
"R033","supra",3,"nacl",1,0,60066
"R033","supra",3,"nacl",2,100,92495
"R033","supra",3,"nacl",3,200,68218
"R033","supra",3,"nacl",4,400,77844
"R033","supra",3,"sucr",1,100,30389
"R033","supra",3,"sucr",2,0,49477
"R033","supra",3,"sucr",3,200,21882
"R033","supra",3,"sucr",4,400,48864
"R033","supra",4,"nacl",1,200,59057
"R033","supra",4,"nacl",2,100,33224
"R033","supra",4,"nacl",3,0,75601
"R033","supra",4,"nacl",4,400,18282
"R033","supra",4,"sucr",1,0,11506
"R033","supra",4,"sucr",2,100,42246
"R033","supra",4,"sucr",3,400,25650
"R033","supra",4,"sucr",4,200,90694
"R034","supra",1,"nacl",1,400,12434
"R034","supra",1,"nacl",2,0,82595
"R034","supra",1,"nacl",3,200,38247
"R034","supra",1,"nacl",4,100,59767
"R034","supra",1,"sucr",1,100,85785
"R034","supra",1,"sucr",2,0,32670
"R034","supra",1,"sucr",3,200,89237
"R034","supra",1,"sucr",4,400,13795
"R034","supra",2,"nacl",1,200,50079
"R034","supra",2,"nacl",2,100,83414
"R034","supra",2,"nacl",3,0,35193
"R034","supra",2,"nacl",4,400,63621
"R034","supra",2,"sucr",1,400,39956
"R034","supra",2,"sucr",2,0,95589
"R034","supra",2,"sucr",3,200,95039
"R034","supra",2,"sucr",4,100,91453
"R034","supra",3,"sucr",1,400,48864
"R034","supra",3,"sucr",2,100,30389
"R034","supra",3,"sucr",3,0,49477
"R034","supra",3,"sucr",4,200,21882
"R034","supra",3,"nacl",1,400,77844
"R034","supra",3,"nacl",2,100,92495
"R034","supra",3,"nacl",3,200,68218
"R034","supra",3,"nacl",4,0,60066
"R034","supra",4,"nacl",1,400,18282
"R034","supra",4,"nacl",2,100,33224
"R034","supra",4,"nacl",3,0,75601
"R034","supra",4,"nacl",4,200,59057
"R034","supra",4,"sucr",1,0,11506
"R034","supra",4,"sucr",2,200,90694
"R034","supra",4,"sucr",3,400,25650
"R034","supra",4,"sucr",4,100,42246
"R035","supra",1,"nacl",1,100,59767
"R035","supra",1,"nacl",2,200,38247
"R035","supra",1,"nacl",3,0,82595
"R035","supra",1,"nacl",4,400,12434
"R035","supra",1,"sucr",1,400,13795
"R035","supra",1,"sucr",2,100,85785
"R035","supra",1,"sucr",3,0,32670
"R035","supra",1,"sucr",4,200,89237
"R035","supra",2,"nacl",1,400,63621
"R035","supra",2,"nacl",2,100,83414
"R035","supra",2,"nacl",3,200,50079
"R035","supra",2,"nacl",4,0,35193
"R035","supra",2,"sucr",1,400,39956
"R035","supra",2,"sucr",2,200,95039
"R035","supra",2,"sucr",3,100,91453
"R035","supra",2,"sucr",4,0,95589
"R035","supra",3,"nacl",1,400,77844
"R035","supra",3,"nacl",2,0,60066
"R035","supra",3,"nacl",3,200,68218
"R035","supra",3,"nacl",4,100,92495
"R035","supra",3,"sucr",1,100,30389
"R035","supra",3,"sucr",2,400,48864
"R035","supra",3,"sucr",3,0,49477
"R035","supra",3,"sucr",4,200,21882
"R035","supra",4,"nacl",1,100,33224
"R035","supra",4,"nacl",2,200,59057
"R035","supra",4,"nacl",3,400,18282
"R035","supra",4,"nacl",4,0,75601
"R035","supra",4,"sucr",1,400,25650
"R035","supra",4,"sucr",2,0,11506
"R035","supra",4,"sucr",3,100,42246
"R035","supra",4,"sucr",4,200,90694
"R036","supra",1,"sucr",1,0,32670
"R036","supra",1,"sucr",2,400,13795
"R036","supra",1,"sucr",3,100,85785
"R036","supra",1,"sucr",4,200,89237
"R036","supra",1,"nacl",1,0,82595
"R036","supra",1,"nacl",2,200,38247
"R036","supra",1,"nacl",3,400,12434
"R036","supra",1,"nacl",4,100,59767
"R036","supra",2,"nacl",1,0,35193
"R036","supra",2,"nacl",2,400,63621
"R036","supra",2,"nacl",3,100,83414
"R036","supra",2,"nacl",4,200,50079
"R036","supra",2,"sucr",1,100,91453
"R036","supra",2,"sucr",2,0,95589
"R036","supra",2,"sucr",3,400,39956
"R036","supra",2,"sucr",4,200,95039
"R036","supra",3,"nacl",1,200,68218
"R036","supra",3,"nacl",2,100,92495
"R036","supra",3,"nacl",3,0,60066
"R036","supra",3,"nacl",4,400,77844
"R036","supra",3,"sucr",1,0,49477
"R036","supra",3,"sucr",2,400,48864
"R036","supra",3,"sucr",3,200,21882
"R036","supra",3,"sucr",4,100,30389
"R036","supra",4,"sucr",1,100,42246
"R036","supra",4,"sucr",2,200,90694
"R036","supra",4,"sucr",3,400,25650
"R036","supra",4,"sucr",4,0,11506
"R036","supra",4,"nacl",1,400,18282
"R036","supra",4,"nacl",2,100,33224
"R036","supra",4,"nacl",3,0,75601
"R036","supra",4,"nacl",4,200,59057
"R037","supra",1,"nacl",1,200,38247
"R037","supra",1,"nacl",2,100,59767
"R037","supra",1,"nacl",3,0,82595
"R037","supra",1,"nacl",4,400,12434
"R037","supra",1,"sucr",1,400,13795
"R037","supra",1,"sucr",2,100,85785
"R037","supra",1,"sucr",3,0,32670
"R037","supra",1,"sucr",4,200,89237
"R037","supra",2,"nacl",1,400,63621
"R037","supra",2,"nacl",2,100,83414
"R037","supra",2,"nacl",3,200,50079
"R037","supra",2,"nacl",4,0,35193
"R037","supra",2,"sucr",1,100,91453
"R037","supra",2,"sucr",2,400,39956
"R037","supra",2,"sucr",3,0,95589
"R037","supra",2,"sucr",4,200,95039
"R037","supra",3,"nacl",1,0,60066
"R037","supra",3,"nacl",2,200,68218
"R037","supra",3,"nacl",3,100,92495
"R037","supra",3,"nacl",4,400,77844
"R037","supra",3,"sucr",1,400,48864
"R037","supra",3,"sucr",2,200,21882
"R037","supra",3,"sucr",3,100,30389
"R037","supra",3,"sucr",4,0,49477
"R037","supra",4,"sucr",1,400,25650
"R037","supra",4,"sucr",2,200,90694
"R037","supra",4,"sucr",3,100,42246
"R037","supra",4,"sucr",4,0,11506
"R037","supra",4,"nacl",1,0,75601
"R037","supra",4,"nacl",2,400,18282
"R037","supra",4,"nacl",3,100,33224
"R037","supra",4,"nacl",4,200,59057
"R038","supra",1,"nacl",1,100,59767
"R038","supra",1,"nacl",2,200,38247
"R038","supra",1,"nacl",3,0,82595
"R038","supra",1,"nacl",4,400,12434
"R038","supra",1,"sucr",1,200,89237
"R038","supra",1,"sucr",2,100,85785
"R038","supra",1,"sucr",3,400,13795
"R038","supra",1,"sucr",4,0,32670
"R038","supra",2,"sucr",1,200,95039
"R038","supra",2,"sucr",2,400,39956
"R038","supra",2,"sucr",3,0,95589
"R038","supra",2,"sucr",4,100,91453
"R038","supra",2,"nacl",1,0,35193
"R038","supra",2,"nacl",2,100,83414
"R038","supra",2,"nacl",3,200,50079
"R038","supra",2,"nacl",4,400,63621
"R038","supra",3,"sucr",1,0,49477
"R038","supra",3,"sucr",2,400,48864
"R038","supra",3,"sucr",3,200,21882
"R038","supra",3,"sucr",4,100,30389
"R038","supra",3,"nacl",1,100,92495
"R038","supra",3,"nacl",2,400,77844
"R038","supra",3,"nacl",3,0,60066
"R038","supra",3,"nacl",4,200,68218
"R038","supra",4,"nacl",1,100,33224
"R038","supra",4,"nacl",2,400,18282
"R038","supra",4,"nacl",3,200,59057
"R038","supra",4,"nacl",4,0,75601
"R038","supra",4,"sucr",1,200,90694
"R038","supra",4,"sucr",2,0,11506
"R038","supra",4,"sucr",3,100,42246
"R038","supra",4,"sucr",4,400,25650
"R039","supra",1,"sucr",1,400,13795
"R039","supra",1,"sucr",2,100,85785
"R039","supra",1,"sucr",3,0,32670
"R039","supra",1,"sucr",4,200,89237
"R039","supra",1,"nacl",1,0,82595
"R039","supra",1,"nacl",2,100,59767
"R039","supra",1,"nacl",3,400,12434
"R039","supra",1,"nacl",4,200,38247
"R039","supra",2,"nacl",1,200,50079
"R039","supra",2,"nacl",2,0,35193
"R039","supra",2,"nacl",3,400,63621
"R039","supra",2,"nacl",4,100,83414
"R039","supra",2,"sucr",1,200,95039
"R039","supra",2,"sucr",2,0,95589
"R039","supra",2,"sucr",3,400,39956
"R039","supra",2,"sucr",4,100,91453
"R039","supra",3,"nacl",1,400,77844
"R039","supra",3,"nacl",2,0,60066
"R039","supra",3,"nacl",3,200,68218
"R039","supra",3,"nacl",4,100,92495
"R039","supra",3,"sucr",1,0,49477
"R039","supra",3,"sucr",2,400,48864
"R039","supra",3,"sucr",3,100,30389
"R039","supra",3,"sucr",4,200,21882
"R039","supra",4,"nacl",1,0,75601
"R039","supra",4,"nacl",2,400,18282
"R039","supra",4,"nacl",3,100,33224
"R039","supra",4,"nacl",4,200,59057
"R039","supra",4,"sucr",1,400,25650
"R039","supra",4,"sucr",2,0,11506
"R039","supra",4,"sucr",3,200,90694
"R039","supra",4,"sucr",4,100,42246
"R040","supra",1,"nacl",1,200,38247
"R040","supra",1,"nacl",2,0,82595
"R040","supra",1,"nacl",3,400,12434
"R040","supra",1,"nacl",4,100,59767
"R040","supra",1,"sucr",1,200,89237
"R040","supra",1,"sucr",2,0,32670
"R040","supra",1,"sucr",3,400,13795
"R040","supra",1,"sucr",4,100,85785
"R040","supra",2,"sucr",1,100,91453
"R040","supra",2,"sucr",2,0,95589
"R040","supra",2,"sucr",3,400,39956
"R040","supra",2,"sucr",4,200,95039
"R040","supra",2,"nacl",1,100,83414
"R040","supra",2,"nacl",2,400,63621
"R040","supra",2,"nacl",3,200,50079
"R040","supra",2,"nacl",4,0,35193
"R040","supra",3,"sucr",1,200,21882
"R040","supra",3,"sucr",2,0,49477
"R040","supra",3,"sucr",3,100,30389
"R040","supra",3,"sucr",4,400,48864
"R040","supra",3,"nacl",1,200,68218
"R040","supra",3,"nacl",2,0,60066
"R040","supra",3,"nacl",3,100,92495
"R040","supra",3,"nacl",4,400,77844
"R040","supra",4,"sucr",1,400,25650
"R040","supra",4,"sucr",2,0,11506
"R040","supra",4,"sucr",3,100,42246
"R040","supra",4,"sucr",4,200,90694
"R040","supra",4,"nacl",1,0,75601
"R040","supra",4,"nacl",2,200,59057
"R040","supra",4,"nacl",3,400,18282
"R040","supra",4,"nacl",4,100,33224
"R041","supra",1,"sucr",1,100,85785
"R041","supra",1,"sucr",2,400,13795
"R041","supra",1,"sucr",3,0,32670
"R041","supra",1,"sucr",4,200,89237
"R041","supra",1,"nacl",1,400,12434
"R041","supra",1,"nacl",2,100,59767
"R041","supra",1,"nacl",3,200,38247
"R041","supra",1,"nacl",4,0,82595
"R041","supra",2,"sucr",1,200,95039
"R041","supra",2,"sucr",2,100,91453
"R041","supra",2,"sucr",3,400,39956
"R041","supra",2,"sucr",4,0,95589
"R041","supra",2,"nacl",1,200,50079
"R041","supra",2,"nacl",2,400,63621
"R041","supra",2,"nacl",3,0,35193
"R041","supra",2,"nacl",4,100,83414
"R041","supra",3,"nacl",1,100,92495
"R041","supra",3,"nacl",2,200,68218
"R041","supra",3,"nacl",3,0,60066
"R041","supra",3,"nacl",4,400,77844
"R041","supra",3,"sucr",1,400,48864
"R041","supra",3,"sucr",2,100,30389
"R041","supra",3,"sucr",3,200,21882
"R041","supra",3,"sucr",4,0,49477
"R041","supra",4,"sucr",1,0,11506
"R041","supra",4,"sucr",2,100,42246
"R041","supra",4,"sucr",3,200,90694
"R041","supra",4,"sucr",4,400,25650
"R041","supra",4,"nacl",1,400,18282
"R041","supra",4,"nacl",2,100,33224
"R041","supra",4,"nacl",3,0,75601
"R041","supra",4,"nacl",4,200,59057
"R042","supra",1,"sucr",1,100,85785
"R042","supra",1,"sucr",2,0,32670
"R042","supra",1,"sucr",3,400,13795
"R042","supra",1,"sucr",4,200,89237
"R042","supra",1,"nacl",1,400,12434
"R042","supra",1,"nacl",2,200,38247
"R042","supra",1,"nacl",3,100,59767
"R042","supra",1,"nacl",4,0,82595
"R042","supra",2,"sucr",1,100,91453
"R042","supra",2,"sucr",2,200,95039
"R042","supra",2,"sucr",3,400,39956
"R042","supra",2,"sucr",4,0,95589
"R042","supra",2,"nacl",1,200,50079
"R042","supra",2,"nacl",2,400,63621
"R042","supra",2,"nacl",3,100,83414
"R042","supra",2,"nacl",4,0,35193
"R042","supra",3,"sucr",1,0,49477
"R042","supra",3,"sucr",2,400,48864
"R042","supra",3,"sucr",3,200,21882
"R042","supra",3,"sucr",4,100,30389
"R042","supra",3,"nacl",1,400,77844
"R042","supra",3,"nacl",2,100,92495
"R042","supra",3,"nacl",3,0,60066
"R042","supra",3,"nacl",4,200,68218
"R042","supra",4,"sucr",1,400,25650
"R042","supra",4,"sucr",2,100,42246
"R042","supra",4,"sucr",3,200,90694
"R042","supra",4,"sucr",4,0,11506
"R042","supra",4,"nacl",1,0,75601
"R042","supra",4,"nacl",2,200,59057
"R042","supra",4,"nacl",3,100,33224
"R042","supra",4,"nacl",4,400,18282
"R043","supra",1,"sucr",1,200,89237
"R043","supra",1,"sucr",2,400,13795
"R043","supra",1,"sucr",3,0,32670
"R043","supra",1,"sucr",4,100,85785
"R043","supra",1,"nacl",1,400,12434
"R043","supra",1,"nacl",2,0,82595
"R043","supra",1,"nacl",3,100,59767
"R043","supra",1,"nacl",4,200,38247
"R043","supra",2,"nacl",1,200,50079
"R043","supra",2,"nacl",2,0,35193
"R043","supra",2,"nacl",3,100,83414
"R043","supra",2,"nacl",4,400,63621
"R043","supra",2,"sucr",1,0,95589
"R043","supra",2,"sucr",2,400,39956
"R043","supra",2,"sucr",3,200,95039
"R043","supra",2,"sucr",4,100,91453
"R043","supra",3,"nacl",1,0,60066
"R043","supra",3,"nacl",2,100,92495
"R043","supra",3,"nacl",3,200,68218
"R043","supra",3,"nacl",4,400,77844
"R043","supra",3,"sucr",1,0,49477
"R043","supra",3,"sucr",2,200,21882
"R043","supra",3,"sucr",3,400,48864
"R043","supra",3,"sucr",4,100,30389
"R043","supra",4,"nacl",1,100,33224
"R043","supra",4,"nacl",2,200,59057
"R043","supra",4,"nacl",3,0,75601
"R043","supra",4,"nacl",4,400,18282
"R043","supra",4,"sucr",1,400,25650
"R043","supra",4,"sucr",2,200,90694
"R043","supra",4,"sucr",3,0,11506
"R043","supra",4,"sucr",4,100,42246
"R044","supra",1,"nacl",1,400,12434
"R044","supra",1,"nacl",2,200,38247
"R044","supra",1,"nacl",3,100,59767
"R044","supra",1,"nacl",4,0,82595
"R044","supra",1,"sucr",1,0,32670
"R044","supra",1,"sucr",2,100,85785
"R044","supra",1,"sucr",3,400,13795
"R044","supra",1,"sucr",4,200,89237
"R044","supra",2,"nacl",1,400,63621
"R044","supra",2,"nacl",2,0,35193
"R044","supra",2,"nacl",3,200,50079
"R044","supra",2,"nacl",4,100,83414
"R044","supra",2,"sucr",1,200,95039
"R044","supra",2,"sucr",2,100,91453
"R044","supra",2,"sucr",3,400,39956
"R044","supra",2,"sucr",4,0,95589
"R044","supra",3,"sucr",1,0,49477
"R044","supra",3,"sucr",2,200,21882
"R044","supra",3,"sucr",3,400,48864
"R044","supra",3,"sucr",4,100,30389
"R044","supra",3,"nacl",1,400,77844
"R044","supra",3,"nacl",2,100,92495
"R044","supra",3,"nacl",3,0,60066
"R044","supra",3,"nacl",4,200,68218
"R044","supra",4,"nacl",1,400,18282
"R044","supra",4,"nacl",2,100,33224
"R044","supra",4,"nacl",3,0,75601
"R044","supra",4,"nacl",4,200,59057
"R044","supra",4,"sucr",1,200,90694
"R044","supra",4,"sucr",2,400,25650
"R044","supra",4,"sucr",3,0,11506
"R044","supra",4,"sucr",4,100,42246
